xuhao,x1,x2,x3,s_x1,s_x2,s_x3,thi_x1,thi_x2,thi_x3,thita_x1,thita_x2,thita_x3,h,s_h,thi_h
xuhao,"x1","x2","x3",s_x1,s_x2,s_x3,thi_x1,thi_x2,thi_x3,thita_x1,thita_x2,thita_x3,h,s_h,thi_h
1,"0.6,0.7,0.9","0.6,0.8","0.3,0.6,0.9",0.733,0.7,0.6,1,2,3,0.75,0.15,0.1,0.57698         0.6     0.65178     0.61875      0.6395     0.68617     0.65907     0.67763     0.71936     0.69274     0.70946     0.74707     0.85044     0.85858     0.87689     0.86521     0.87254     0.88904,0.732845,0.1072
2,"0.7,0.9","0.4,0.5,0.8,0.9","0.4,0.8",0.8,0.65,0.6,1,2,3,0.75,0.15,0.1,0.64324     0.68036     0.65286     0.68898     0.69744     0.72892     0.72732     0.75569     0.84349     0.85977     0.84771     0.86356     0.86727     0.88108     0.88038     0.89282,0.781930625,0.0925
3,"0.6,0.8","0.6,0.7,0.9","0.3,0.5,0.7",0.7,0.733,0.5,2,1,3,0.3125,0.5625,0.125,0.57102     0.58869     0.61413     0.63511     0.65014     0.67178     0.80331     0.81141     0.82308     0.65456     0.66879     0.68928     0.70617     0.71828      0.7357     0.84162     0.84814     0.85753,0.716041111111111,0.0937
4,"0.6,0.8,0.9","0.7,0.9","0.2,0.4,0.7",0.766,0.8,0.433,2,1,3,0.3125,0.5625,0.125,0.62897     0.64207     0.67178         0.8     0.80706     0.82308     0.70123     0.71178      0.7357     0.83895     0.84464     0.85753     0.75942     0.76791     0.78718     0.87032      0.8749     0.88528,0.778211111111111,0.0811
